index	timestamp	label
177	1606385599.79967	500105
238	1606385601.9232	500205
298	1606385603.95384	500305
359	1606385605.9914	500405
420	1606385608.00873	500505
796	1606385620.64078	500113
857	1606385622.66797	500213
917	1606385624.68492	500313
978	1606385626.72894	500413
1039	1606385628.73926	500513
1099	1606385630.78574	500613
1160	1606385632.82674	500713
1220	1606385634.76152	500813
1281	1606385636.88176	500913
1342	1606385638.93729	501013
1403	1606385640.95756	501113
1463	1606385642.97742	501213
1523	1606385644.91965	501313
1899	1606385657.59921	500109
1960	1606385659.65824	500209
2019	1606385661.66453	500309
2079	1606385663.70182	500409
2140	1606385665.72729	500509
2201	1606385667.77554	500609
2261	1606385669.80417	500709
2322	1606385671.84333	500809
2383	1606385673.78474	500909
2760	1606385686.48737	6001051
2820	1606385688.4593	6002051
2880	1606385690.52377	6003051
2941	1606385692.57029	6004051
3002	1606385694.61758	6005051
3587	1606385714.22054	6001051
3648	1606385716.27357	6002051
3708	1606385718.28314	6003051
3769	1606385720.32754	6004051
3830	1606385722.28089	6005051
4415	1606385741.97442	6001090
4476	1606385744.00527	6002090
4536	1606385746.03141	6003090
4597	1606385748.0604	6004091
4657	1606385750.09371	6005090
4718	1606385752.11914	6006090
4779	1606385754.11049	6007090
4839	1606385756.17421	6008090
4900	1606385758.21635	6009090
5605	1606385781.82177	6001091
5666	1606385783.87482	6002091
5726	1606385785.90949	6003091
5786	1606385787.90938	6004090
5847	1606385789.95028	6005090
5908	1606385791.90057	6006090
5968	1606385794.02085	6007090
6029	1606385796.0521	6008090
6090	1606385798.09268	6009090
6794	1606385821.70212	6001131
6855	1606385823.73303	6002131
6915	1606385825.70809	6003130
6976	1606385827.77035	6004130
7037	1606385829.82953	6005130
7097	1606385831.83752	6006131
7158	1606385833.89641	6007130
7219	1606385835.92571	6008130
7279	1606385837.95933	6009130
7340	1606385839.99042	6010130
7401	1606385842.00853	6011130
7461	1606385844.05712	6012130
7522	1606385845.99349	6013130
8346	1606385873.72207	6001131
8407	1606385875.74096	6002131
8467	1606385877.75685	6003130
8528	1606385879.80003	6004130
8589	1606385881.80336	6005130
8649	1606385883.85798	6006130
8710	1606385885.88819	6007130
8771	1606385887.94156	6008130
8831	1606385889.93985	6009130
8892	1606385891.90842	6010130
8953	1606385894.03658	6011130
9013	1606385896.0471	6012130
9074	1606385898.09254	6013130
9898	1606385925.71999	6001051
9959	1606385927.74905	6002051
10019	1606385929.78605	6003051
10080	1606385931.82441	6004051
10141	1606385933.82291	6005051
10726	1606385953.46349	6001131
10787	1606385955.49246	6002131
10848	1606385957.43467	6003130
10908	1606385959.55133	6004130
10969	1606385961.58763	6005130
11030	1606385963.61311	6006130
11090	1606385965.66239	6007130
11151	1606385967.68259	6008130
11212	1606385969.72186	6009130
11272	1606385971.77009	6010130
11333	1606385973.78028	6011130
11394	1606385975.8291	6012130
11454	1606385977.85441	6013130
12278	1606386005.48294	6001091
12339	1606386007.42914	6002091
12399	1606386009.5234	6003091
12460	1606386011.56907	6004091
12521	1606386013.58488	6005091
12581	1606386015.61445	6006090
12642	1606386017.65402	6007090
12702	1606386019.68182	6008090
12763	1606386021.71144	6009090
13468	1606386045.33084	6001091
13528	1606386047.28112	6002091
13589	1606386049.37648	6003091
13649	1606386051.39877	6004090
13710	1606386053.44396	6005090
13771	1606386055.47562	6006090
13831	1606386057.51689	6007090
13892	1606386059.54814	6008090
13953	1606386061.5696	6009090
14655	1606386085.19475	6001131
14716	1606386087.20749	6002130
14776	1606386089.21923	6003130
14836	1606386091.18369	6004130
14897	1606386093.29487	6005131
14958	1606386095.3483	6006130
15018	1606386097.35831	6007130
15079	1606386099.37809	6008130
15140	1606386101.44033	6009130
15200	1606386103.45969	6010130
15261	1606386105.48291	6011130
15322	1606386107.53746	6012130
15382	1606386109.47273	6013130
16207	1606386137.16921	6001051
16267	1606386139.12826	6002051
16328	1606386141.23777	6003051
16389	1606386143.29509	6004051
16449	1606386145.30737	6005051
17035	1606386164.93874	500109
17096	1606386166.88079	500209
17156	1606386168.99353	500309
17217	1606386171.0087	500409
17277	1606386173.05296	500509
17338	1606386175.11433	500609
17399	1606386177.12944	500709
17459	1606386179.16918	500809
17520	1606386181.2056	500909
17896	1606386193.74491	500113
17957	1606386195.83908	500213
18017	1606386197.83473	500313
18078	1606386199.88605	500413
18138	1606386201.89459	500513
18199	1606386203.94994	500613
18260	1606386205.96911	500713
18320	1606386208.02369	500813
18381	1606386210.04272	500913
18442	1606386212.0804	501013
18502	1606386214.10955	501113
18563	1606386216.1449	501213
18624	1606386218.18456	501313
19000	1606386230.76889	500105
19061	1606386232.72492	500205
19121	1606386234.85253	500305
19182	1606386236.89178	500405
19243	1606386238.9126	500505
21260	1606386306.5118	500109
21321	1606386308.46185	500209
21381	1606386310.56039	500309
21441	1606386312.59352	500409
21502	1606386314.62817	500509
21563	1606386316.64806	500609
21623	1606386318.68395	500709
21684	1606386320.71733	500809
21744	1606386322.73797	500909
22120	1606386335.36127	500105
22181	1606386337.37729	500205
22242	1606386339.429	500305
22302	1606386341.45125	500405
22363	1606386343.49464	500505
22739	1606386356.06933	500113
22800	1606386358.12583	500213
22860	1606386360.12613	500313
22921	1606386362.1664	500413
22981	1606386364.12166	500513
23042	1606386366.22103	500613
23103	1606386368.25895	500713
23163	1606386370.30285	500813
23224	1606386372.33116	500913
23285	1606386374.37645	501013
23345	1606386376.40224	501113
23406	1606386378.43229	501213
23467	1606386380.45972	501313
23843	1606386393.06427	6001131
23903	1606386395.10717	6002131
23964	1606386397.12059	6003130
24025	1606386399.16377	6004130
24085	1606386401.19826	6005131
24146	1606386403.23856	6006130
24207	1606386405.18623	6007130
24267	1606386407.30651	6008130
24328	1606386409.34081	6009130
24388	1606386411.34767	6010130
24449	1606386413.37941	6011130
24510	1606386415.39849	6012130
24570	1606386417.44932	6013130
25394	1606386445.08121	6001090
25455	1606386447.10701	6002091
25516	1606386449.13329	6003090
25576	1606386451.173	6004091
25637	1606386453.19617	6005091
25698	1606386455.25248	6006091
25759	1606386457.27916	6007090
25819	1606386459.29338	6008090
25880	1606386461.33478	6009090
26585	1606386484.95322	6001091
26645	1606386487.00011	6002091
26706	1606386489.01848	6003091
26767	1606386491.04601	6004090
26827	1606386493.09027	6005090
26888	1606386495.1261	6006090
26948	1606386497.1407	6007091
27008	1606386499.19056	6008091
27069	1606386501.22691	6009091
27773	1606386524.8372	6001091
27834	1606386526.86509	6002091
27894	1606386528.88571	6003091
27955	1606386530.8518	6004091
28016	1606386532.97247	6005091
28076	1606386534.99306	6006091
28137	1606386537.03416	6007090
28198	1606386539.08643	6008090
28258	1606386541.10004	6009090
28963	1606386564.63011	6001131
29024	1606386566.74919	6002131
29084	1606386568.77188	6003130
29144	1606386570.80029	6004130
29204	1606386572.83048	6005131
29265	1606386574.88001	6006130
29326	1606386576.90536	6007130
29386	1606386578.94201	6008131
29447	1606386580.96219	6009130
29508	1606386582.99854	6010130
29568	1606386584.94594	6011130
29629	1606386587.07528	6012130
29690	1606386589.10599	6013130
30514	1606386616.63607	6001051
30575	1606386618.76319	6002051
30635	1606386620.7888	6003051
30696	1606386622.81784	6004051
30755	1606386624.85399	6005051
31341	1606386644.4567	6001051
31402	1606386646.5067	6002051
31462	1606386648.54285	6003051
31523	1606386650.56926	6004051
31584	1606386652.51756	6005051
32169	1606386672.20532	6001091
32230	1606386674.24432	6002091
32290	1606386676.30764	6003090
32351	1606386678.23682	6004090
32412	1606386680.35261	6005090
32472	1606386682.37373	6006090
32533	1606386684.42048	6007090
32593	1606386686.42518	6008090
32654	1606386688.46643	6009090
33359	1606386712.08256	6001051
33419	1606386714.1285	6002051
33480	1606386716.14279	6003051
33541	1606386718.19442	6004051
33602	1606386720.21939	6005051
34186	1606386739.82106	6001131
34247	1606386741.86553	6002131
34307	1606386743.89205	6003131
34368	1606386745.89713	6004131
34429	1606386747.92691	6005131
34489	1606386749.87508	6006130
34549	1606386751.98564	6007130
34610	1606386754.03008	6008130
34671	1606386756.05036	6009130
34732	1606386758.09399	6010130
34792	1606386760.11722	6011130
34853	1606386762.16434	6012130
34914	1606386764.18807	6013130
35738	1606386791.80274	6001051
35798	1606386793.75861	6002051
35859	1606386795.881	6003051
35920	1606386797.90846	6004051
35980	1606386799.94263	6005051
36566	1606386819.55987	6001131
36627	1606386821.59755	6002131
36687	1606386823.63639	6003130
36748	1606386825.65668	6004130
36809	1606386827.68812	6005130
36869	1606386829.71725	6006130
36930	1606386831.76472	6007131
36991	1606386833.7084	6008130
37051	1606386835.83358	6009130
37112	1606386837.86193	6010130
37173	1606386839.89858	6011130
37233	1606386841.91071	6012131
37294	1606386843.96719	6013130
38116	1606386871.56515	500113
38177	1606386873.61444	500213
38237	1606386875.64217	500313
38298	1606386877.67189	500413
38359	1606386879.61373	500513
38420	1606386881.75002	500613
38480	1606386883.78558	500713
38541	1606386885.80986	500813
38602	1606386887.84623	500913
38662	1606386889.86639	501013
38723	1606386891.91214	501113
38784	1606386893.943	501213
38844	1606386895.9666	501313
39220	1606386908.58352	500109
39281	1606386910.61821	500209
39341	1606386912.62901	500309
39402	1606386914.64881	500409
39463	1606386916.69476	500509
39523	1606386918.71613	500609
39584	1606386920.76658	500709
39645	1606386922.7918	500809
39705	1606386924.81323	500909
40081	1606386937.4238	500105
40142	1606386939.46283	500205
40202	1606386941.46914	500305
40263	1606386943.50607	500405
40323	1606386945.46442	500505
41818	1606386995.55563	500109
41879	1606386997.66551	500209
41939	1606386999.69724	500309
42000	1606387001.71445	500409
42061	1606387003.77985	500509
42121	1606387005.80663	500609
42182	1606387007.81844	500709
42243	1606387009.85995	500809
42303	1606387011.89137	500909
42679	1606387024.49709	500105
42740	1606387026.53314	500205
42801	1606387028.54928	500305
42861	1606387030.59178	500405
42922	1606387032.61403	500505
43298	1606387045.22554	500113
43359	1606387047.25573	500213
43420	1606387049.295	500313
43480	1606387051.32134	500413
43541	1606387053.36866	500513
43602	1606387055.30508	500613
43662	1606387057.42863	500713
43723	1606387059.46406	500813
43784	1606387061.48723	500913
43844	1606387063.53667	501013
43905	1606387065.56915	501113
43966	1606387067.5935	501213
44026	1606387069.54283	501313
44402	1606387082.24028	6001051
44463	1606387084.24823	6002051
44524	1606387086.20578	6003051
44584	1606387088.33906	6004051
44645	1606387090.34956	6005051
45230	1606387109.98395	6001091
45291	1606387112.01166	6002091
45352	1606387114.03934	6003091
45410	1606387116.00554	6004091
45471	1606387118.12701	6005090
45532	1606387120.1341	6006090
45592	1606387122.17273	6007091
45653	1606387124.20995	6008091
45714	1606387126.24749	6009091
46419	1606387149.85407	6001051
46479	1606387151.90506	6002051
46540	1606387153.9462	6003051
46601	1606387155.95953	6004051
46661	1606387157.99812	6005051
47244	1606387177.61252	6001131
47304	1606387179.6552	6002131
47365	1606387181.68688	6003131
47426	1606387183.70514	6004131
47486	1606387185.72343	6005130
47547	1606387187.77204	6006130
47608	1606387189.81725	6007130
47668	1606387191.84964	6008130
47729	1606387193.79586	6009130
47790	1606387195.91244	6010130
47851	1606387197.95085	6011130
47911	1606387199.9882	6012130
47972	1606387202.01039	6013130
48796	1606387229.64102	6001131
48857	1606387231.65471	6002130
48917	1606387233.6938	6003131
48978	1606387235.70998	6004131
49038	1606387237.73343	6005131
49099	1606387239.78989	6006131
49160	1606387241.80594	6007130
49220	1606387243.8485	6008131
49281	1606387245.79591	6009130
49342	1606387247.91337	6010130
49402	1606387249.96378	6011130
49463	1606387251.96994	6012130
49524	1606387254.0083	6013130
50348	1606387281.64099	6001131
50409	1606387283.594	6002131
50469	1606387285.71027	6003130
50530	1606387287.71659	6004131
50591	1606387289.75692	6005130
50651	1606387291.80955	6006130
50711	1606387293.79092	6007130
50772	1606387295.84254	6008130
50833	1606387297.88269	6009130
50893	1606387299.91663	6010130
50954	1606387301.96623	6011130
51015	1606387303.979	6012130
51076	1606387306.02229	6013130
51899	1606387333.6278	6001051
51960	1606387335.68793	6002051
52021	1606387337.69727	6003051
52082	1606387339.73352	6004051
52142	1606387341.77887	6005051
52728	1606387361.39425	6001091
52788	1606387363.42016	6002090
52849	1606387365.4478	6003090
52910	1606387367.39622	6004090
52970	1606387369.50149	6005090
53031	1606387371.54871	6006090
53092	1606387373.57909	6007091
53152	1606387375.60046	6008090
53213	1606387377.65959	6009090
53916	1606387401.27707	6001051
53977	1606387403.30423	6002051
54037	1606387405.3071	6003051
54097	1606387407.35252	6004051
54158	1606387409.29785	6005051
54743	1606387429.01392	6001091
54804	1606387430.95433	6002091
54864	1606387433.04463	6003091
54925	1606387435.08129	6004091
54986	1606387437.1266	6005090
55046	1606387439.16105	6006090
55107	1606387441.17349	6007091
55168	1606387443.20482	6008090
55229	1606387445.25601	6009090
55933	1606387468.8786	6001131
55994	1606387470.89047	6002130
56054	1606387472.84313	6003131
56115	1606387474.94571	6004131
56175	1606387476.99958	6005130
56236	1606387479.01638	6006130
56297	1606387481.0585	6007131
56357	1606387483.08626	6008130
56418	1606387485.10383	6009130
56479	1606387487.15275	6010130
56540	1606387489.18736	6011130
56600	1606387491.21558	6012130
56661	1606387493.26493	6013130
57484	1606387520.85967	6001091
57545	1606387522.90455	6002090
57605	1606387524.92885	6003090
57666	1606387526.87779	6004090
57727	1606387528.98055	6005091
57787	1606387531.04893	6006091
57848	1606387533.07529	6007091
57909	1606387535.1065	6008091
57969	1606387537.14381	6009090
58674	1606387560.74911	500105
58735	1606387562.78045	500205
58796	1606387564.82062	500305
58856	1606387566.85592	500405
58917	1606387568.89549	500505
59293	1606387581.47725	500109
59354	1606387583.53405	500209
59414	1606387585.54749	500309
59475	1606387587.58999	500409
59536	1606387589.53144	500509
59596	1606387591.65665	500609
59657	1606387593.68893	500709
59718	1606387595.7242	500809
59778	1606387597.75384	500909
60154	1606387610.35143	500113
60215	1606387612.38327	500213
60276	1606387614.40169	500313
60336	1606387616.44897	500413
60397	1606387618.40539	500513
60458	1606387620.52224	500613
60518	1606387622.55725	500713
60579	1606387624.5905	500813
60640	1606387626.63402	500913
60700	1606387628.65432	501013
60761	1606387630.68578	501113
60822	1606387632.73819	501213
60883	1606387634.75936	501313
67741	1606387864.8325	500109
67802	1606387866.86061	500209
67862	1606387868.86511	500309
67923	1606387870.82041	500409
67983	1606387872.93493	500509
68044	1606387874.98629	500609
68105	1606387877.01452	500709
68165	1606387879.04311	500809
68226	1606387881.07937	500909
68602	1606387893.67292	500105
68663	1606387895.70893	500205
68723	1606387897.66228	500305
68784	1606387899.77188	500405
68845	1606387901.81817	500505
69221	1606387914.33179	500113
69282	1606387916.44684	500213
69342	1606387918.48102	500313
69403	1606387920.51435	500413
69464	1606387922.53583	500513
69524	1606387924.58419	500613
69585	1606387926.60616	500713
69646	1606387928.65185	500813
69706	1606387930.68308	500913
69767	1606387932.70872	501013
69828	1606387934.73586	501113
69888	1606387936.77036	501213
69949	1606387938.81687	501313
70325	1606387951.40733	6001091
70386	1606387953.44629	6002091
70446	1606387955.38985	6003091
70507	1606387957.49808	6004091
70568	1606387959.5494	6005090
70628	1606387961.57181	6006091
70688	1606387963.59519	6007090
70749	1606387965.64445	6008090
70809	1606387967.69582	6009090
71514	1606387991.29842	6001091
71575	1606387993.33127	6002091
71636	1606387995.2718	6003091
71696	1606387997.39694	6004091
71757	1606387999.4304	6005091
71818	1606388001.46406	6006091
71878	1606388003.49321	6007091
71939	1606388005.53119	6008091
72000	1606388007.545	6009090
72702	1606388031.18148	6001051
72763	1606388033.21426	6002051
72824	1606388035.22583	6003051
72884	1606388037.27211	6004051
72945	1606388039.29756	6005051
73530	1606388058.93793	6001131
73591	1606388060.95784	6002130
73652	1606388062.99552	6003130
73713	1606388065.01475	6004131
73773	1606388067.07002	6005130
73834	1606388069.09833	6006130
73895	1606388071.12241	6007130
73955	1606388073.16532	6008130
74016	1606388075.19288	6009130
74077	1606388077.1468	6010130
74137	1606388079.2501	6011130
74198	1606388081.21359	6012130
74259	1606388083.34098	6013130
75083	1606388110.94959	6001131
75144	1606388112.97659	6002131
75204	1606388115.00988	6003131
75265	1606388117.04879	6004131
75325	1606388119.08167	6005130
75386	1606388121.02567	6006130
75447	1606388123.14534	6007130
75508	1606388125.18647	6008130
75568	1606388127.20816	6009130
75629	1606388129.25657	6010130
75690	1606388131.29381	6011130
75750	1606388133.3105	6012130
75811	1606388135.35247	6013130
76635	1606388162.97362	6001051
76696	1606388165.01111	6002051
76756	1606388167.04029	6003051
76817	1606388169.06621	6004051
76878	1606388171.09631	6005051
77463	1606388190.7186	6001130
77524	1606388192.75848	6002130
77585	1606388194.79513	6003130
77645	1606388196.81892	6004130
77706	1606388198.83461	6005131
77767	1606388200.87501	6006130
77827	1606388202.91421	6007130
77888	1606388204.94763	6008131
77949	1606388206.99625	6009130
78009	1606388208.92454	6010130
78070	1606388211.05287	6011130
78131	1606388213.07312	6012130
78191	1606388215.09642	6013130
79017	1606388242.69576	6001051
79077	1606388244.78374	6002051
79137	1606388246.79935	6003051
79198	1606388248.83404	6004051
79258	1606388250.86378	6005051
79844	1606388270.49058	6001091
79904	1606388272.51166	6002091
79965	1606388274.53966	6003091
80026	1606388276.57237	6004091
80086	1606388278.53568	6005091
80147	1606388280.6522	6006091
80208	1606388282.69937	6007090
80268	1606388284.71972	6008091
80329	1606388286.74534	6009091
81034	1606388310.36865	6001091
81095	1606388312.40776	6002091
81155	1606388314.43306	6003090
81216	1606388316.3812	6004091
81276	1606388318.49855	6005091
81337	1606388320.54829	6006091
81398	1606388322.57552	6007090
81459	1606388324.59222	6008091
81519	1606388326.63319	6009091
82224	1606388350.25149	6001051
82285	1606388352.20654	6002051
82345	1606388354.32122	6003051
82406	1606388356.34438	6004051
82467	1606388358.3957	6005051
83052	1606388378.01027	6001131
83113	1606388380.05013	6002131
83174	1606388382.07147	6003130
83234	1606388384.0989	6004130
83295	1606388386.0502	6005130
83356	1606388388.16581	6006130
83416	1606388390.20186	6007130
83477	1606388392.23036	6008130
83538	1606388394.27973	6009130
83598	1606388396.29712	6010130
83659	1606388398.24331	6011130
83720	1606388400.38376	6012130
83780	1606388402.399	6013130
84604	1606388430.00686	500113
84665	1606388431.97355	500213
84726	1606388434.08022	500313
84786	1606388436.12646	500413
84847	1606388438.16201	500513
84908	1606388440.19003	500613
84968	1606388442.22011	500713
85029	1606388444.25904	500813
85090	1606388446.2964	500913
85150	1606388448.3234	501013
85211	1606388450.25808	501113
85272	1606388452.39142	501213
85333	1606388454.4269	501313
85708	1606388467.01839	500105
85769	1606388469.06644	500205
85830	1606388471.10102	500305
85891	1606388473.12998	500405
85951	1606388475.14034	500505
86327	1606388487.75518	500109
86388	1606388489.78087	500209
86449	1606388491.73338	500309
86509	1606388493.8469	500409
86570	1606388495.8982	500509
86631	1606388497.93088	500609
86691	1606388499.95017	500709
86752	1606388501.98709	500809
86813	1606388504.02063	500909
87234	1606388518.14832	500109
87295	1606388520.19809	500209
87356	1606388522.225	500309
87416	1606388524.26433	500409
87477	1606388526.20595	500509
87538	1606388528.32125	500609
87598	1606388530.36067	500709
87659	1606388532.39476	500809
87720	1606388534.41203	500909
88096	1606388547.03293	500105
88157	1606388549.05067	500205
88217	1606388551.08332	500305
88278	1606388553.12674	500405
88339	1606388555.07391	500505
88715	1606388567.74046	500113
88775	1606388569.71529	500213
88836	1606388571.80102	500313
88892	1606388573.83551	500413
88953	1606388575.8659	500513
89014	1606388577.90954	500613
89074	1606388579.92513	500713
89135	1606388581.97714	500813
89196	1606388584.02137	500913
89256	1606388586.03688	501013
89317	1606388588.08511	501113
89378	1606388590.0115	501213
89438	1606388592.135	501313
89814	1606388604.65462	6001051
89875	1606388606.76837	6002051
89936	1606388608.80594	6003051
89996	1606388610.83221	6004051
90057	1606388612.87079	6005051
90642	1606388632.48993	6001131
90703	1606388634.53597	6002131
90764	1606388636.55388	6003131
90824	1606388638.59661	6004131
90885	1606388640.63716	6005131
90946	1606388642.65326	6006131
91006	1606388644.60074	6007131
91067	1606388646.72725	6008130
91128	1606388648.75637	6009130
91189	1606388650.79587	6010130
91249	1606388652.82349	6011130
91310	1606388654.85072	6012130
91371	1606388656.87711	6013130
92194	1606388684.50793	6001091
92254	1606388686.45774	6002091
92315	1606388688.56418	6003091
92376	1606388690.62176	6004091
92436	1606388692.63887	6005091
92497	1606388694.68504	6006091
92558	1606388696.71845	6007091
92618	1606388698.7412	6008090
92679	1606388700.76394	6009090
93384	1606388724.38269	6001091
93445	1606388726.43862	6002091
93505	1606388728.45288	6003090
93566	1606388730.48328	6004091
93627	1606388732.52267	6005090
93687	1606388734.56928	6006091
93748	1606388736.59072	6007090
93809	1606388738.6314	6008090
93869	1606388740.58419	6009090
94574	1606388764.27682	6001051
94635	1606388766.2917	6002051
94695	1606388768.35506	6003051
94756	1606388770.36475	6004051
94817	1606388772.39775	6005051
95402	1606388792.02796	6001051
95463	1606388794.07096	6002051
95524	1606388796.10849	6003051
95584	1606388798.13693	6004051
95644	1606388800.15132	6005051
96229	1606388819.78511	6001131
96290	1606388821.8106	6002131
96350	1606388823.83182	6003131
96410	1606388825.85973	6004131
96471	1606388827.79898	6005130
96531	1606388829.91777	6006130
96591	1606388831.94395	6007130
96652	1606388833.98766	6008130
96713	1606388836.01987	6009131
96773	1606388838.03942	6010130
96834	1606388839.99664	6011130
96895	1606388842.11377	6012130
96955	1606388844.13131	6013130
97780	1606388871.76379	6001091
97840	1606388873.81047	6002091
97901	1606388875.81848	6003091
97962	1606388877.86462	6004091
98022	1606388879.80099	6005090
98083	1606388881.92224	6006091
98144	1606388883.93562	6007090
98204	1606388885.99719	6008090
98265	1606388888.03626	6009090
98970	1606388911.55319	6001131
99030	1606388913.6708	6002131
99091	1606388915.71005	6003131
99152	1606388917.74853	6004131
99213	1606388919.77119	6005131
99273	1606388921.81846	6006131
99334	1606388923.83776	6007131
99395	1606388925.87936	6008130
99455	1606388927.91828	6009130
99516	1606388929.946	6010130
99577	1606388931.8953	6011130
99637	1606388934.01743	6012130
99698	1606388936.04516	6013130
100522	1606388963.64663	6001131
100583	1606388965.69739	6002131
100643	1606388967.7288	6003131
100704	1606388969.76419	6004131
100765	1606388971.80966	6005131
100825	1606388973.82904	6006130
100886	1606388975.77094	6007130
100947	1606388977.89292	6008130
101007	1606388979.92453	6009130
101068	1606388981.94245	6010131
101129	1606388984.00286	6011130
101190	1606388986.03436	6012130
101250	1606388987.97561	6013130
102074	1606389015.68041	6001051
102135	1606389017.72623	6002051
102196	1606389019.73853	6003051
102256	1606389021.69433	6004051
102317	1606389023.80124	6005051
102902	1606389043.42751	6001091
102963	1606389045.47551	6002091
103024	1606389047.5022	6003091
103085	1606389049.53641	6004091
103145	1606389051.54875	6005091
103206	1606389053.585	6006091
103267	1606389055.63548	6007090
103327	1606389057.66355	6008090
103388	1606389059.59523	6009091
104093	1606389083.30561	500109
104153	1606389085.35157	500209
104214	1606389087.28802	500309
104275	1606389089.41647	500409
104335	1606389091.46392	500509
104396	1606389093.4931	500609
104457	1606389095.50727	500709
104517	1606389097.53994	500809
104578	1606389099.57307	500909
104953	1606389112.17189	500105
105014	1606389114.13481	500205
105074	1606389116.24199	500305
105135	1606389118.27664	500405
105196	1606389120.31471	500505
105572	1606389132.89529	500113
105633	1606389134.95533	500213
105693	1606389136.98135	500313
105754	1606389139.02624	500413
105815	1606389141.05855	500513
105875	1606389143.07692	500613
105936	1606389145.10242	500713
105997	1606389147.15368	500813
106057	1606389149.183	500913
106118	1606389151.13148	501013
106179	1606389153.25476	501113
106239	1606389155.27841	501213
106300	1606389157.32851	501313
107132	1606389185.20986	500105
107193	1606389187.23071	500205
107253	1606389189.25194	500305
107314	1606389191.29957	500405
107375	1606389193.3278	500505
107751	1606389205.93351	500109
107812	1606389207.95155	500209
107872	1606389209.98921	500309
107932	1606389212.02594	500409
107993	1606389214.04185	500509
108054	1606389216.09234	500609
108114	1606389218.11157	500709
108175	1606389220.1468	500809
108236	1606389222.09643	500909
108612	1606389234.78495	500113
108672	1606389236.81294	500213
108733	1606389238.85437	500313
108794	1606389240.8749	500413
108854	1606389242.91506	500513
108915	1606389244.95559	500613
108976	1606389246.98089	500713
109036	1606389248.93523	500813
109097	1606389251.06672	500913
109158	1606389253.08373	501013
109219	1606389255.10235	501113
109279	1606389257.14287	501213
109340	1606389259.19702	501313
109716	1606389271.70253	6001051
109777	1606389273.82983	6002051
109837	1606389275.85214	6003051
109898	1606389277.86542	6004051
109959	1606389279.90767	6005051
110544	1606389299.55127	6001051
110605	1606389301.48308	6002051
110665	1606389303.61544	6003051
110726	1606389305.63381	6004051
110787	1606389307.6643	6005051
111372	1606389327.29669	6001131
111433	1606389329.32217	6002130
111493	1606389331.34793	6003130
111554	1606389333.40027	6004130
111615	1606389335.41087	6005131
111675	1606389337.43884	6006130
111734	1606389339.4791	6007130
111793	1606389341.42857	6008131
111854	1606389343.5594	6009131
111914	1606389345.58401	6010130
111975	1606389347.60792	6011131
112036	1606389349.67923	6012130
112096	1606389351.69671	6013130
112919	1606389379.20927	6001091
112980	1606389381.34823	6002091
113041	1606389383.36264	6003091
113101	1606389385.40099	6004091
113162	1606389387.44281	6005091
113223	1606389389.4568	6006091
113283	1606389391.51049	6007090
113344	1606389393.51886	6008090
113405	1606389395.57371	6009090
114109	1606389419.18538	6001091
114169	1606389421.19242	6002091
114229	1606389423.23597	6003091
114290	1606389425.22624	6004091
114351	1606389427.3126	6005091
114411	1606389429.34616	6006091
114472	1606389431.38561	6007091
114533	1606389433.40477	6008090
114594	1606389435.43106	6009090
115298	1606389459.06664	6001091
115359	1606389461.09855	6002091
115420	1606389463.11389	6003091
115480	1606389465.07332	6004091
115541	1606389467.18882	6005091
115602	1606389469.22513	6006091
115662	1606389471.26329	6007091
115723	1606389473.29195	6008091
115784	1606389475.31735	6009091
116489	1606389498.94065	6001051
116549	1606389500.96068	6002051
116610	1606389503.02704	6003051
116671	1606389505.04733	6004051
116731	1606389507.06794	6005051
117317	1606389526.69225	6001131
117377	1606389528.73716	6002131
117438	1606389530.66548	6003130
117499	1606389532.79593	6004131
117559	1606389534.81231	6005131
117620	1606389536.84652	6006130
117681	1606389538.87807	6007130
117741	1606389540.92692	6008131
117802	1606389542.95884	6009131
117863	1606389544.98184	6010130
117923	1606389547.01657	6011131
117984	1606389549.04978	6012130
118045	1606389551.08609	6013130
118869	1606389578.70877	6001091
118930	1606389580.65887	6002091
118990	1606389582.74544	6003090
119050	1606389584.78675	6004090
119111	1606389586.82729	6005090
119172	1606389588.85327	6006091
119232	1606389590.89093	6007090
119293	1606389592.91817	6008090
119354	1606389594.96712	6009091
120059	1606389618.58742	6001131
120119	1606389620.62832	6002131
120179	1606389622.63147	6003131
120240	1606389624.66737	6004131
120301	1606389626.6965	6005131
120361	1606389628.63077	6006130
120422	1606389630.75743	6007130
120483	1606389632.77553	6008130
120544	1606389634.81494	6009130
120604	1606389636.85633	6010130
120665	1606389638.89767	6011130
120726	1606389640.92509	6012130
120786	1606389642.94837	6013130
121610	1606389670.58301	6001131
121671	1606389672.52617	6002131
121731	1606389674.61563	6003131
121792	1606389676.67026	6004131
121853	1606389678.69641	6005130
121913	1606389680.73674	6006130
121974	1606389682.77027	6007131
122035	1606389684.78839	6008130
122095	1606389686.82286	6009130
122156	1606389688.85811	6010130
122217	1606389690.8956	6011130
122277	1606389692.92396	6012130
122338	1606389694.8683	6013130
123162	1606389722.58111	6001051
123223	1606389724.61902	6002051
123283	1606389726.63506	6003050
123344	1606389728.6747	6004051
123405	1606389730.72283	6005051
123990	1606389750.33349	500109
124051	1606389752.34756	500209
124112	1606389754.39859	500309
124172	1606389756.43625	500409
124233	1606389758.44948	500509
124294	1606389760.40501	500609
124354	1606389762.53003	500709
124415	1606389764.56967	500809
124476	1606389766.59806	500909
124852	1606389779.18364	500105
124912	1606389781.14252	500205
124973	1606389783.24412	500305
125034	1606389785.29939	500405
125094	1606389787.32534	500505
125470	1606389799.91063	500113
125530	1606389801.91824	500213
125591	1606389803.95736	500313
125652	1606389806.00445	500413
125712	1606389808.03643	500513
125773	1606389810.06624	500613
125834	1606389812.09802	500713
125894	1606389814.11167	500813
125954	1606389816.13005	500913
126015	1606389818.09425	501013
126076	1606389820.19894	501113
126136	1606389822.23602	501213
126197	1606389824.26809	501313
128500	1606389901.43109	500109
128561	1606389903.48531	500209
128621	1606389905.51407	500309
128682	1606389907.55756	500409
128743	1606389909.58304	500509
128803	1606389911.53118	500609
128864	1606389913.64049	500709
128925	1606389915.67272	500809
128985	1606389917.71053	500909
129361	1606389930.31274	500105
129422	1606389932.3548	500205
129483	1606389934.3005	500305
129543	1606389936.4073	500405
129604	1606389938.437	500505
129980	1606389951.03753	500113
130041	1606389953.07467	500213
130101	1606389955.11196	500313
130162	1606389957.14349	500413
130223	1606389959.18471	500513
130284	1606389961.22109	500613
130344	1606389963.24332	500713
130405	1606389965.2939	500813
130466	1606389967.32716	500913
130526	1606389969.25872	501013
130587	1606389971.39204	501113
130647	1606389973.32436	501213
130708	1606389975.44174	501313
131084	1606389988.05626	6001091
131145	1606389990.07924	6002091
131206	1606389992.10271	6003091
131266	1606389994.14839	6004091
131327	1606389996.0939	6005091
131388	1606389998.20088	6006091
131448	1606390000.25186	6007091
131509	1606390002.2946	6008091
131570	1606390004.30774	6009091
132274	1606390027.92422	6001091
132335	1606390029.9765	6002091
132396	1606390031.98985	6003090
132456	1606390034.0298	6004091
132517	1606390036.06211	6005091
132578	1606390038.0996	6006091
132638	1606390040.04292	6007090
132699	1606390042.1527	6008090
132760	1606390044.20785	6009090
133465	1606390067.82145	6001051
133525	1606390069.86723	6002051
133586	1606390071.87657	6003051
133647	1606390073.91129	6004051
133707	1606390075.95394	6005051
134292	1606390095.4571	6001051
134353	1606390097.59511	6002051
134414	1606390099.60463	6003051
134474	1606390101.63888	6004051
134535	1606390103.67925	6005051
135120	1606390123.29968	6001091
135181	1606390125.33156	6002091
135242	1606390127.36901	6003091
135302	1606390129.40195	6004091
135363	1606390131.44072	6005091
135424	1606390133.45849	6006091
135484	1606390135.48765	6007090
135545	1606390137.53891	6008090
135606	1606390139.5543	6009090
136307	1606390163.18676	6001051
136367	1606390165.22469	6002051
136428	1606390167.24033	6003051
136489	1606390169.26856	6004051
136549	1606390171.32384	6005051
137135	1606390190.94754	6001131
137195	1606390192.96424	6002131
137256	1606390195.00641	6003130
137317	1606390197.03174	6004130
137377	1606390199.04734	6005131
137438	1606390201.10171	6006131
137499	1606390203.14342	6007131
137559	1606390205.16452	6008130
137620	1606390207.20461	6009130
137681	1606390209.15109	6010130
137741	1606390211.25645	6011130
137802	1606390213.28511	6012130
137863	1606390215.25143	6013130
138687	1606390242.95057	6001131
138748	1606390244.96682	6002131
138808	1606390247.02035	6003130
138869	1606390249.06053	6004130
138930	1606390251.07386	6005131
138990	1606390253.11801	6006130
139051	1606390255.16272	6007131
139112	1606390257.18705	6008130
139172	1606390259.12151	6009130
139233	1606390261.26062	6010130
139294	1606390263.20823	6011130
139354	1606390265.32242	6012130
139415	1606390267.35294	6013130
140239	1606390294.96928	6001131
140300	1606390296.98211	6002131
140361	1606390299.03584	6003131
140421	1606390301.07472	6004131
140482	1606390303.09044	6005130
140543	1606390305.12686	6006130
140603	1606390307.17218	6007130
140664	1606390309.20362	6008130
140725	1606390311.14681	6009130
140785	1606390313.27922	6010130
140846	1606390315.3105	6011130
140907	1606390317.3272	6012130
140967	1606390319.36341	6013130
141791	1606390346.99818	6001051
141852	1606390349.01389	6002051
141913	1606390350.96515	6003051
141973	1606390353.08744	6004051
142034	1606390355.12211	6005051
142620	1606390374.73249	6001131
142680	1606390376.78547	6002131
142741	1606390378.81328	6003131
142802	1606390380.82936	6004131
142862	1606390382.7788	6005131
142923	1606390384.90904	6006130
142984	1606390386.94422	6007130
143044	1606390388.96953	6008131
143105	1606390390.99218	6009130
143166	1606390393.03752	6010130
143226	1606390394.98179	6011130
143287	1606390397.09112	6012131
143348	1606390399.13439	6013130
144172	1606390426.76813	6001091
144233	1606390428.78995	6002091
144293	1606390430.80518	6003091
144354	1606390432.86478	6004091
144415	1606390434.89808	6005091
144475	1606390436.92447	6006091
144536	1606390438.95383	6007091
144597	1606390440.97412	6008090
144657	1606390443.02968	6009090
145362	1606390466.64813	500113
145423	1606390468.68001	500213
145484	1606390470.72339	500313
145544	1606390472.73395	500413
145605	1606390474.7682	500513
145665	1606390476.72256	500613
145726	1606390478.85063	500713
145787	1606390480.87637	500813
145847	1606390482.90282	500913
145908	1606390484.93014	501013
145969	1606390486.99134	501113
146030	1606390489.0078	501213
146090	1606390491.01706	501313
146466	1606390503.55275	500105
146527	1606390505.67367	500205
146588	1606390507.69793	500305
146648	1606390509.75963	500405
146709	1606390511.77838	500505
147085	1606390524.37937	500109
147146	1606390526.41062	500209
147206	1606390528.43726	500309
147267	1606390530.47614	500409
147328	1606390532.4914	500509
147388	1606390534.52802	500609
147449	1606390536.57131	500709
147510	1606390538.51661	500809
147570	1606390540.63012	500909
148128	1606390559.2411	500105
148189	1606390561.36312	500205
148249	1606390563.38696	500305
148310	1606390565.42091	500405
148371	1606390567.46638	500505
148747	1606390580.04079	500113
148807	1606390582.10765	500213
148868	1606390584.14114	500313
148929	1606390586.16787	500413
148989	1606390588.1878	500513
149050	1606390590.13314	500613
149111	1606390592.25851	500713
149171	1606390594.28774	500813
149232	1606390596.32798	500913
149293	1606390598.34684	501013
149353	1606390600.38303	501113
149414	1606390602.34351	501213
149475	1606390604.4437	501313
149851	1606390617.05738	500109
149912	1606390619.08746	500209
149972	1606390621.12193	500309
150033	1606390623.16806	500409
150094	1606390625.11557	500509
150154	1606390627.21681	500609
150215	1606390629.24523	500709
150275	1606390631.29719	500809
150335	1606390633.29241	500909
150711	1606390645.80512	6001051
150772	1606390647.92947	6002051
150833	1606390649.95607	6003051
150893	1606390651.99994	6004051
150954	1606390654.02136	6005051
151539	1606390673.63572	6001051
151600	1606390675.68811	6002051
151661	1606390677.71013	6003051
151721	1606390679.73642	6004051
151782	1606390681.68468	6005051
152368	1606390701.39746	6001131
152428	1606390703.43851	6002131
152488	1606390705.43495	6003131
152549	1606390707.48938	6004130
152610	1606390709.50087	6005130
152670	1606390711.45206	6006130
152731	1606390713.56544	6007130
152792	1606390715.60751	6008130
152852	1606390717.63456	6009130
152913	1606390719.67996	6010130
152974	1606390721.70486	6011130
153034	1606390723.73915	6012130
153095	1606390725.7797	6013130
153919	1606390753.39712	6001091
153980	1606390755.4371	6002091
154041	1606390757.36639	6003091
154101	1606390759.51	6004091
154162	1606390761.51379	6005091
154223	1606390763.55576	6006091
154283	1606390765.58582	6007091
154344	1606390767.63548	6008090
154405	1606390769.66142	6009091
155109	1606390793.29504	6001051
155170	1606390795.32335	6002051
155231	1606390797.25754	6003051
155292	1606390799.37673	6004051
155352	1606390801.41421	6005051
155937	1606390821.01969	6001091
155997	1606390822.94647	6002091
156058	1606390825.06267	6003091
156119	1606390827.10092	6004091
156179	1606390829.12803	6005090
156240	1606390831.14766	6006090
156301	1606390833.22332	6007090
156361	1606390835.24449	6008090
156422	1606390837.25579	6009090
157127	1606390860.8817	6001091
157187	1606390862.83023	6002091
157247	1606390864.93884	6003091
157308	1606390866.99388	6004091
157369	1606390869.01656	6005091
157429	1606390871.05281	6006091
157490	1606390873.07036	6007091
157551	1606390875.08848	6008090
157611	1606390877.14998	6009090
158311	1606390900.77048	6001131
158372	1606390902.71251	6002131
158432	1606390904.83383	6003131
158493	1606390906.8602	6004131
158554	1606390908.88145	6005131
158614	1606390910.94875	6006131
158675	1606390912.97229	6007131
158736	1606390915.00274	6008130
158796	1606390917.02743	6009130
158857	1606390919.05641	6010131
158918	1606390921.11476	6011131
158979	1606390923.11904	6012130
159039	1606390925.16329	6013130
159863	1606390952.77914	6001131
159924	1606390954.82689	6002131
159985	1606390956.84633	6003131
160045	1606390958.79482	6004131
160106	1606390960.9243	6005130
160167	1606390962.94332	6006130
160227	1606390964.97691	6007131
160288	1606390967.00109	6008130
160349	1606390969.0417	6009131
160409	1606390971.08512	6010130
160470	1606390973.12228	6011130
160531	1606390975.13539	6012130
160591	1606390977.18225	6013131
161414	1606391004.7973	6001130
161475	1606391006.84959	6002130
161536	1606391008.86988	6003131
161597	1606391010.81032	6004131
161657	1606391012.92982	6005131
161718	1606391014.96573	6006130
161779	1606391016.99241	6007130
161839	1606391019.01772	6008130
161900	1606391021.07797	6009130
161961	1606391023.08455	6010130
162021	1606391025.13904	6011130
162082	1606391027.14922	6012130
162143	1606391029.19166	6013130
162967	1606391056.80021	6001051
163028	1606391058.77227	6002051
163088	1606391060.88754	6003051
163149	1606391062.89991	6004051
163210	1606391064.94407	6005051
163795	1606391084.5698	6001091
163856	1606391086.60274	6002091
163916	1606391088.61739	6003091
163977	1606391090.65712	6004091
164037	1606391092.67221	6005091
164098	1606391094.72149	6006090
164159	1606391096.66176	6007090
164219	1606391098.78	6008090
164280	1606391100.82167	6009090
164985	1606391124.4291	500109
165045	1606391126.47603	500209
165106	1606391128.40255	500309
165166	1606391130.51417	500409
165227	1606391132.55249	500509
165288	1606391134.59204	500609
165348	1606391136.62626	500709
165409	1606391138.63565	500809
165470	1606391140.66983	500909
165846	1606391153.27347	500105
165906	1606391155.31124	500205
165967	1606391157.34274	500305
166028	1606391159.38533	500405
166088	1606391161.41585	500505
166458	1606391173.99514	500113
166519	1606391176.05042	500213
166580	1606391178.08861	500313
166640	1606391180.10214	500413
166701	1606391182.14715	500513
166762	1606391184.19674	500613
166822	1606391186.22688	500713
166883	1606391188.16248	500813
166944	1606391190.28441	500913
167004	1606391192.32016	501013
167065	1606391194.33753	501113
167126	1606391196.39788	501213
167187	1606391198.41912	501313
167631	1606391213.32402	500105
167692	1606391215.35491	500205
167752	1606391217.37803	500305
167813	1606391219.42668	500405
167874	1606391221.43895	500505
168250	1606391234.07674	500109
168311	1606391236.09157	500209
168371	1606391238.10261	500309
168432	1606391240.15414	500409
168493	1606391242.16551	500509
168553	1606391244.13606	500609
168614	1606391246.2474	500709
168675	1606391248.28597	500809
168735	1606391250.33825	500909
169111	1606391262.92899	500113
169172	1606391264.96291	500213
169233	1606391266.99021	500313
169293	1606391269.02151	500413
169354	1606391271.04556	500513
169415	1606391273.08031	500613
169475	1606391275.11259	500713
169536	1606391277.15	500813
169597	1606391279.18454	500913
169657	1606391281.12241	501013
169718	1606391283.25317	501113
169779	1606391285.28235	501213
169840	1606391287.33393	501313
170215	1606391299.89972	6001131
170276	1606391301.94177	6002130
170336	1606391303.9872	6003130
170397	1606391305.9905	6004130
170458	1606391308.0467	6005130
170518	1606391310.08606	6006130
170579	1606391312.01982	6007130
170640	1606391314.14504	6008130
170700	1606391316.16132	6009131
170761	1606391318.20593	6010130
170822	1606391320.23115	6011130
170882	1606391322.28241	6012130
170943	1606391324.21979	6013130
171767	1606391351.90743	6001091
171828	1606391353.94133	6002091
171889	1606391355.90972	6003091
171949	1606391358.02147	6004091
172010	1606391360.06846	6005091
172071	1606391362.08888	6006091
172131	1606391364.12419	6007090
172192	1606391366.14136	6008090
172253	1606391368.20006	6009090
172957	1606391391.79048	6001051
173018	1606391393.84753	6002051
173079	1606391395.86758	6003051
173139	1606391397.9052	6004051
173199	1606391399.85442	6005051
173784	1606391419.53914	6001091
173844	1606391421.59968	6002091
173905	1606391423.63244	6003091
173966	1606391425.66671	6004091
174026	1606391427.68898	6005091
174087	1606391429.71754	6006091
174148	1606391431.70355	6007091
174208	1606391433.78216	6008091
174269	1606391435.8325	6009090
174974	1606391459.45394	6001131
175034	1606391461.47791	6002131
175095	1606391463.49039	6003131
175155	1606391465.52121	6004131
175216	1606391467.56811	6005131
175277	1606391469.58174	6006131
175337	1606391471.61736	6007131
175398	1606391473.6626	6008130
175459	1606391475.60284	6009130
175519	1606391477.72818	6010130
175580	1606391479.76524	6011130
175641	1606391481.79399	6012130
175701	1606391483.82454	6013130
176525	1606391511.43182	6001051
176585	1606391513.34946	6002051
176646	1606391515.47898	6003051
176707	1606391517.51148	6004051
176767	1606391519.54076	6005051
177353	1606391539.15579	6001131
177413	1606391541.19325	6002131
177474	1606391543.20252	6003131
177534	1606391545.24225	6004131
177595	1606391547.27907	6005131
177656	1606391549.22672	6006131
177716	1606391551.3374	6007130
177777	1606391553.37855	6008130
177838	1606391555.40196	6009131
177898	1606391557.43829	6010131
177959	1606391559.38291	6011130
178020	1606391561.50711	6012130
178080	1606391563.5554	6013130
178904	1606391591.06493	6001131
178965	1606391593.19587	6002131
179025	1606391595.21468	6003131
179086	1606391597.24694	6004130
179147	1606391599.25753	6005130
179207	1606391601.31072	6006130
179268	1606391603.32426	6007130
179329	1606391605.37149	6008130
179389	1606391607.42093	6009131
179450	1606391609.4422	6010130
179511	1606391611.47682	6011130
179571	1606391613.51015	6012130
179632	1606391615.53932	6013130
180450	1606391643.15798	6001051
180511	1606391645.19688	6002051
180572	1606391647.13228	6003051
180632	1606391649.24963	6004051
180693	1606391651.27988	6005051
181278	1606391670.91927	6001091
181339	1606391672.93917	6002091
181400	1606391674.97845	6003091
181460	1606391676.99015	6004091
181521	1606391679.02844	6005090
181582	1606391680.99611	6006090
181642	1606391683.10534	6007091
181703	1606391685.14855	6008091
181764	1606391687.17396	6009091
182469	1606391710.79647	6001051
182529	1606391712.81934	6002051
182590	1606391714.76896	6003051
182651	1606391716.88419	6004051
182711	1606391718.92634	6005051
183297	1606391738.54792	6001091
183357	1606391740.58286	6002091
183418	1606391742.61504	6003090
183479	1606391744.63283	6004091
183539	1606391746.59516	6005090
183600	1606391748.71242	6006091
183661	1606391750.75364	6007090
183721	1606391752.7732	6008090
183782	1606391754.8032	6009090
184487	1606391778.42095	500105
184548	1606391780.44757	500205
184608	1606391782.50426	500305
184669	1606391784.44857	500405
184730	1606391786.56884	500505
185106	1606391799.16461	500109
185166	1606391801.18858	500209
185227	1606391803.22296	500309
185288	1606391805.26917	500409
185348	1606391807.3006	500509
185409	1606391809.34016	500609
185470	1606391811.37243	500709
185530	1606391813.38199	500809
185591	1606391815.41915	500909
185967	1606391828.03484	500113
186028	1606391830.06594	500213
186088	1606391832.06767	500313
186148	1606391833.99658	500413
186208	1606391836.11566	500513
186269	1606391838.15132	500613
186330	1606391840.16417	500713
186390	1606391842.21192	500813
186451	1606391844.25134	500913
186512	1606391846.27059	501013
186572	1606391848.30906	501113
186633	1606391850.35652	501213
186694	1606391852.379	501313
